city,latitude,longitude
A Coruña,43.3623,-8.4115
Aalborg,57.0488,9.9217
Aalen,48.8370,10.0933
Aarhus,56.1567,10.2108
Aberdeen,57.1497,-2.0943
Abha,18.2164,42.5053
Accrington,53.7534,-2.3644
Adana,36.9914,35.3308
Adelaide, -34.9285,138.6007
Aguascalientes,21.8853,-102.2916
Ajaccio,41.9272,8.7346
Akhisar,38.9244,27.8406
Al Ain,24.1302,55.8023
Al Majma'ah,25.9015,45.3358
Al-Hasa,25.3833,49.5833
Al-Kharj,24.1500,47.3000
Alanya,36.5444,31.9954
Albacete,38.9943,-1.8585
Alcorcón,40.3458,-3.8249
Alkmaar,52.6324,4.7534
Almelo,52.3556,6.6625
Almendralejo,38.6824,-6.4087
Almería,36.8340,-2.4637
Altach,47.3553,9.6433
Amiens,49.8942,2.2957
Amsterdam,52.3676,4.9041
Angers,47.4784,-0.5632
Ankara,39.9334,32.8597
Antalya,36.8969,30.7133
Antofagasta,-23.6500,-70.4000
Antwerp,51.2194,4.4025
Ar Rass,25.8694,43.4973
Arica,-18.4746,-70.2979
Arnhem,51.9785,5.9096
Arouca,40.9298,-8.2458
Ascoli Piceno,42.8531,13.5773
Aspach,48.9972,9.3986
Asunción,-25.2637,-57.5759
Athens,37.9838,23.7275
Athlone,53.4229,-7.9372
Atlanta,33.7490,-84.3880
Aue,50.5897,12.7008
Augsburg,48.3705,10.8978
Auxerre,47.7981,3.5732
Avellaneda,-34.6611,-58.3667
Avellino,40.9140,14.7887
Avignon,43.9493,4.8055
Bærum,59.8988,10.5225
Bahía Blanca,-38.7183,-62.2663
Balıkesir,39.6484,27.8826
Ballybofey,54.8005,-7.7844
Banfield,-34.7434,-58.3888
Barcelona,41.3851,2.1734
Barcelos,41.5315,-8.6186
Bari,41.1171,16.8719
Barnsley,53.5526,-1.4797
Barrancabermeja,7.0653,-73.8547
Barranquilla,10.9685,-74.7813
Basel,47.5596,7.5886
Bastia,42.7028,9.4509
Beijing,39.9042,116.4074
Belfast,54.5973,-5.9301
Belo Horizonte,-19.9167,-43.9345
Benevento,41.1311,14.7766
Bergamo,45.6983,9.6773
Bergen,60.3913,5.3221
Berlin,52.5200,13.4050
Bern,46.9480,7.4474
Beveren,51.2125,4.2562
Béziers,43.3442,3.2158
Białystok,53.1325,23.1688
Bielefeld,52.0229,8.5322
Bilbao,43.2630,-2.9350
Birkenhead,53.3933,-3.0139
Birmingham,52.4862,-1.8904
Blackburn,53.7480,-2.4820
Blackpool,53.8175,-3.0357
Bochum,51.4818,7.2162
Bodø,67.2804,14.4049
Bogotá,4.7110,-74.0721
Bologna,44.4949,11.3426
Bolton,53.5769,-2.4282
Bordeaux,44.8378,-0.5792
Borås,57.7210,12.9401
Botoşani,47.7408,26.6661
Bourg-en-Bresse,46.2052,5.2256
Bournemouth,50.7192,-1.8808
Bradford,53.7959,-1.7594
Braga,41.5454,-8.4265
Brasília,-15.7975,-47.8919
Braunschweig,52.2689,10.5268
Bray,53.2008,-6.1112
Breda,51.5719,4.7683
Bremen,53.0793,8.8017
Brescia,45.5416,10.2118
Brest,48.3904,-4.4861
Brighton,50.8225,-0.1372
Brisbane,-27.4698,153.0251
Bristol,51.4545,-2.5879
Brøndby,55.6534,12.4111
Bruges,51.2093,3.2247
Brussels,50.8503,4.3517
Bucaramanga,7.1254,-73.1198
Bucharest,44.4268,26.1025
Budapest,47.4979,19.0402
Buenos Aires,-34.6037,-58.3816
Buraidah,26.3260,43.9750
Burnley,53.7892,-2.2426
Bursa,40.1885,29.0610
Burton upon Trent,52.8080,-1.6310
Bury,53.5933,-2.2964
Busan,35.1796,129.0756
Cádiz,36.5271,-6.2886
Caen,49.1829,-0.3708
Cagliari,39.2278,9.1111
Cairo,30.0444,31.2357
Calama,-22.4552,-68.9261
Cali,3.4516,-76.5320
Cambridge,52.2053,0.1218
Campinas,-22.9056,-47.0608
Canberra,-35.2809,149.1300
Caracas,10.4806,-66.9036
Cardiff,51.4816,-3.1791
Carlisle,54.8910,-2.9360
Carpi,44.7836,10.8756
Castellammare di Stabia,40.6958,14.4828
Catania,37.5079,15.0830
Cesena,44.1394,12.2431
Chambly,49.1667,2.2472
Changchun,43.8171,125.3235
Changwon,35.2281,128.6811
Chapecó,-27.1004,-52.6152
Charleroi,50.4108,4.4446
Châteauroux,46.8115,1.6911
Chaves,41.7417,-7.4722
Cheltenham,51.8996,-2.0712
Chemnitz,50.8333,12.9167
Chester,39.8496,-75.3557
Chesterfield,53.2350,-1.4281
Chiavari,44.3168,9.3275
Chicago,41.8781,-87.6298
Chillán,-36.6063,-72.1034
Chongqing,29.5628,106.5516
Chorzów,50.2976,18.9538
Chuncheon,37.8813,127.7300
Cincinnati,39.1031,-84.5120
Cittadella,45.6478,11.7853
Ciudad Juárez,31.6904,-106.4245
Cleethorpes,53.5539,-0.0210
Clermont-Ferrand,45.7772,3.0870
Clinceni,44.3734,25.9388
Cluj-Napoca,46.7712,23.6236
Coimbra,40.2033,-8.4103
Colchester,51.8959,0.8919
Columbus,39.9612,-82.9988
Como,45.8081,9.0852
Commerce City,39.8083,-104.9339
Concepción,-36.8201,-73.0444
Copenhagen,55.6761,12.5683
Coquimbo,-29.9533,-71.3436
Córdoba,37.8882,-4.7794
Cork,51.8985,-8.4756
Cosenza,39.2983,16.2537
Cottbus,51.7561,14.3329
Coventry,52.4068,-1.5197
Craiova,44.3302,23.7949
Crawley,51.1130,-0.1831
Crewe,53.0990,-2.4400
Criciúma,-28.6775,-49.3703
Crotone,39.0808,17.1276
Culiacán,24.8054,-107.3940
Curicó,-34.9854,-71.2394
Curitiba,-25.4290,-49.2671
Cúcuta,7.8939,-72.5078
Częstochowa,50.8118,19.1203
Daegu,35.8714,128.6014
Daejeon,36.3504,127.3845
Dalian,38.9140,121.6147
Dallas,32.7767,-96.7970
Dammam,26.4207,50.0888
Darmstadt,49.8728,8.6512
Den Haag,52.0705,4.3007
Denizli,37.7742,29.0876
Derby,52.9225,-1.4746
Derry,54.9966,-7.3086
Deventer,52.2574,6.1637
Dijon,47.3220,5.0415
Dingwall,57.5959,-4.4262
Doetinchem,51.9632,6.2903
Doncaster,53.5228,-1.1312
Donetsk,48.0159,37.8028
Dordrecht,51.8133,4.6901
Dortmund,51.5136,7.4653
Drammen,59.7441,10.2045
Dresden,51.0504,13.7373
Drogheda,53.7144,-6.3494
Dublin,53.3498,-6.2603
Duisburg,51.4344,6.7623
Dundalk,54.0039,-6.4022
Dundee,56.4620,-2.9707
Düsseldorf,51.2277,6.7735
Eibar,43.1843,-2.4725
Edinburgh,55.9533,-3.1883
Eindhoven,51.4416,5.4697
El Salvador,-26.2443,-69.6253
Elche,38.2669,-0.6983
Emmen,52.7858,6.8972
Empoli,43.7222,10.9419
Enschede,52.2215,6.8937
Envigado,6.1759,-75.5911
Erfurt,50.9848,11.0299
Erice,38.0372,12.5864
Erzurum,39.9056,41.2658
Esbjerg,55.4704,8.4519
Eskilstuna,59.3713,16.5113
Eskişehir,39.7767,30.5206
Estoril,38.7032,-9.3976
Eupen,50.6308,6.0315
Exeter,50.7260,-3.5275
Falkenberg,56.9056,12.4916
Farum,55.8080,12.3789
Ferrara,44.8381,11.6198
Fleetwood,53.9238,-3.0135
Florence,43.7696,11.2558
Florencio Varela,-34.8150,-58.2690
Florianópolis,-27.5954,-48.5480
Foggia,41.4622,15.5442
Fortaleza,-3.7319,-38.5267
Foxborough,42.0654,-71.2484
Frankfurt,50.1109,8.6821
Freiburg,47.9990,7.8421
Frosinone,41.6420,13.3444
Fuenlabrada,40.2842,-3.7942
Fukuoka,33.5902,130.4017
Funchal,32.6669,-16.9241
Fürth,49.4774,10.9886
Gaillard,46.1856,6.2078
Galway,53.2707,-9.0568
Garupá,-27.4818,-55.8344
Gävle,60.6749,17.1413
Gdańsk,54.3520,18.6464
Gelsenkirchen,51.5177,7.0857
Geneva,46.2044,6.1432
Genk,50.9655,5.5008
Genoa,44.4056,8.9463
Getafe,40.3083,-3.7331
Ghent,51.0543,3.7174
Gijón,43.5357,-5.6615
Gillingham,51.3831,0.5484
Girona,41.9794,2.8214
Giurgiu,43.9037,25.9699
Glasgow,55.8642,-4.2518
Gliwice,50.2976,18.6766
Goiânia,-16.6869,-49.2648
Gosford,-33.4267,151.3417
Göteborg,57.7089,11.9746
Gothenburg,57.7089,11.9746
Granada,37.1773,-3.5986
Graz,47.0707,15.4395
Grenoble,45.1885,5.7245
Groningen,53.2194,6.5665
Grozny,43.3130,45.6985
Grödig,47.7408,13.0039
Guadalajara,20.6597,-103.3496
Guangzhou,23.1291,113.2644
Guimarães,41.4425,-8.2918
Guingamp,48.5619,-3.1518
Guiyang,26.5789,106.7139
Gwangju,35.1595,126.8526
Gwangyang,34.9733,127.6917
Gdynia,54.5189,18.5305
Haderslev,55.2538,9.4897
Hafar al-Batin,28.4328,45.9583
Halle,51.4828,11.9686
Halmstad,56.6744,12.8568
Hällevik,56.0116,14.6975
Hamburg,53.5511,9.9937
Hamilton,55.7766,-4.0410
Hannover,52.3759,9.7320
Harmah,25.9080,45.3421
Harrison,40.7443,-74.1560
Hartberg,47.2806,15.9697
Hartlepool,54.6859,-1.2133
Haugesund,59.4136,5.2680
Heidenheim,48.6796,10.1534
Helsingborg,56.0465,12.6945
Helsingør,56.0361,12.6136
Helsinki,60.1699,24.9384
Herning,56.1393,8.9738
High Wycombe,51.6287,-0.7482
Hiroshima,34.3853,132.4553
Hiratsuka,35.3342,139.3517
Hobro,56.6433,9.7903
Horsens,55.8606,9.8503
Houston,29.7604,-95.3698
Huddersfield,53.6458,-1.7850
Huesca,42.1362,-0.4085
Ibagué,4.4389,-75.2322
Iași,47.1585,27.6014
Incheon,37.4563,126.7052
Ingolstadt,48.7665,11.4258
Innsbruck,47.2692,11.4041
Inverness,57.4778,-4.2247
Ipswich,52.0567,1.1482
Iquique,-20.2133,-70.1500
Istanbul,41.0082,28.9784
Itagüí,6.1724,-75.6094
Iwata,34.7179,137.8514
İzmir,38.4192,27.1287
Jeddah,21.4858,39.1925
Jena,50.9271,11.5892
Jeonju,35.8242,127.1480
Johannesburg,-26.2041,28.0473
Joinville,-26.3045,-48.8456
Junín,-34.5833,-60.9500
Jönköping,57.7815,14.1618
Kaiserslautern,49.4447,7.7690
Kalmar,56.6634,16.3568
Kansas City,39.0997,-94.5786
Karabük,41.2061,32.6204
Karlsruhe,49.0069,8.4037
Kashima,35.9664,140.6454
Kashiwa,35.8622,139.9773
Kawasaki,35.5300,139.7000
Kayseri,38.7312,35.4787
Kazan,55.8304,49.0661
Kerkrade,50.8653,6.0628
Khabarovsk,48.4727,135.0719
Khamis Mushait,18.3064,42.7292
Khobar,26.2172,50.1971
Kiel,54.3233,10.1228
Kielce,50.8660,20.6286
Kilmarnock,55.6111,-4.4958
Kingston upon Hull,53.7436,-0.3396
Kobe,34.6901,135.1955
Konya,37.8714,32.4846
Kōfu,35.6622,138.5683
Köln,50.9375,6.9603
Kortrijk,50.8280,3.2649
Kraków,50.0647,19.9450
Krasnodar,45.0355,38.9746
Krefeld,51.3388,6.5853
Kristiansand,58.1599,8.0182
Kristiansund,63.1111,7.7278
Kyiv,50.4501,30.5234
La Calera,-32.7850,-71.2150
La Plata,-34.9215,-57.9545
La Spezia,44.1107,9.8364
Lanciano,42.2307,14.3912
Langfang,39.5190,116.6830
Lanús,-34.7000,-58.4000
Las Palmas,28.1235,-15.4363
Latina,41.4676,12.9036
Lausanne,46.5197,6.6323
Laval,48.0712,-0.7711
Le Havre,49.4944,0.1079
Le Mans,48.0061,0.1996
Le Petit-Quevilly,49.4299,1.0543
Lecce,40.3515,18.1750
Leeds,53.8008,-1.5491
Leeuwarden,53.2012,5.7999
Leganés,40.3281,-3.7656
Legnica,51.2070,16.1611
Leicester,52.6369,-1.1398
Leipzig,51.3396,12.3731
Lens,50.4330,2.8279
León,21.1219,-101.6800
Leuven,50.8798,4.7005
Leverkusen,51.0459,6.9934
Lier,51.1311,4.5694
Liège,50.6326,5.5797
Lille,50.6292,3.0573
Lillestrøm,59.9560,11.0491
Lima,-12.0464,-77.0428
Limerick,52.6680,-8.6305
Lincoln,53.2268,-0.5379
Linz,48.3069,14.2858
Lisbon,38.7223,-9.1393
Liverpool,53.4084,-2.9916
Livingston,55.9012,-3.5222
Livorno,43.5485,10.3106
Ljubljana,46.0569,14.5058
Llagostera,41.8267,2.8942
Lo Barnechea,-33.3516,-70.5152
Lokeren,51.1042,4.0044
London,51.5074,-0.1278
Lorca,37.6715,-1.6983
Lorient,47.7483,-3.3702
Lotte,52.2741,7.9255
Lucerne,47.0502,8.3093
Lugo,43.0125,-7.5558
Lugano,46.0037,8.9511
Luton,51.8787,-0.4200
Lyngby,55.7718,12.5038
Lyon,45.7640,4.8357
Macclesfield,53.2581,-2.1275
Maceió,-9.6498,-35.7089
Madrid,40.4168,-3.7038
Magdeburg,52.1205,11.6276
Mainz,49.9929,8.2473
Majadahonda,40.4719,-3.8736
Malatya,38.3552,38.3095
Malmö,55.6050,13.0038
Málaga,36.7213,-4.4214
Manchester,53.4808,-2.2426
Manizales,5.0689,-75.5174
Mannheim,49.4875,8.4660
Mansfield,53.1430,-1.1983
Mar del Plata,-38.0055,-57.5426
Marseille,43.2965,5.3698
Mattersburg,47.7372,16.3983
Matsumoto,36.2380,137.9719
Mecca,21.3891,39.8579
Mechelen,51.0259,4.4775
Medellín,6.2442,-75.5812
Medina,24.4672,39.6111
Mediaş,46.1626,24.3508
Melbourne,-37.8136,144.9631
Mendoza,-32.8895,-68.8458
Meppen,52.6898,7.2911
Mersin,36.8121,34.6415
Metz,49.1193,6.1757
Mexico City,19.4326,-99.1332
Middlesbrough,54.5742,-1.2350
Milan,45.4642,9.1900
Milton Keynes,52.0406,-0.7594
Miranda de Ebro,42.6865,-2.9466
Mjøndalen,59.7505,10.0139
Modena,44.6471,10.9252
Molde,62.7375,7.1601
Monaco,43.7384,7.4246
Montbéliard,47.5097,6.7979
Montevideo,-34.9011,-56.1644
Montpellier,43.6108,3.8767
Montreal,45.5017,-73.5673
Monterrey,25.6866,-100.3161
Montería,8.7480,-75.8814
Morecambe,54.0727,-2.8617
Moreira de Cónegos,41.3813,-8.3377
Morelia,19.7060,-101.1950
Moscow,55.7558,37.6173
Motherwell,55.7915,-3.9859
Munich,48.1351,11.5820
Münster,51.9607,7.6261
Murcia,37.9922,-1.1307
Nagasaki,32.7503,129.8777
Nagoya,35.1815,136.9066
Najran,17.4933,44.1272
Nancy,48.6921,6.1844
Nantes,47.2184,-1.5536
Naples,40.8518,14.2681
Neiva,2.9273,-75.2819
Neuchâtel,46.9900,6.9293
New Delhi,28.6139,77.2090
New York City,40.7128,-74.0060
Newcastle,54.9783,-1.6178
Newport,51.5842,-2.9977
Nieciecza,50.1556,20.8447
Nice,43.7102,7.2620
Niigata,37.9162,139.0364
Nijmegen,51.8126,5.8372
Niort,46.3239,-0.4637
Norrköping,58.5878,16.1880
Northampton,52.2405,-0.9027
Norwich,52.6309,1.2974
Nottingham,52.9548,-1.1581
Novara,45.4469,8.6213
Nowy Sącz,49.6106,20.6972
Nîmes,43.8367,4.3601
Nürnberg,49.4521,11.0767
Odense,55.4038,10.4024
Oita,33.2382,131.6126
Oldham,53.5444,-2.1154
Orenburg,51.7667,55.1000
Orlando,28.5383,-81.3792
Orléans,47.9033,1.9083
Osaka,34.6937,135.5023
Oslo,59.9139,10.7522
Ostend,51.2154,2.9270
Ottawa,45.4215,-75.6972
Oviedo,43.3614,-5.8502
Ovidiu,44.2699,28.5583
Oxford,51.7520,-1.2577
Pachuca,20.1011,-98.7591
Paderborn,51.7189,8.7575
Padua,45.4064,11.8768
Paisley,55.8466,-4.4236
Palermo,38.1157,13.3615
Palma,39.5696,2.6502
Pamplona,42.8125,-1.6458
Paraná,-31.7333,-60.5275
Paris,48.8566,2.3522
Parma,44.8015,10.3279
Pasto,1.2136,-77.2811
Paços de Ferreira,41.2785,-8.3846
Penafiel,41.2057,-8.2862
Perm,58.0105,56.2502
Perth,-31.9505,115.8605
Perugia,43.1107,12.3908
Pescara,42.4618,14.2142
Peterborough,52.5736,-0.2478
Piraeus,37.9430,23.6470
Pisa,43.7085,10.4036
Plymouth,50.3755,-4.1427
Plzeň,49.7475,13.3776
Pohang,36.0190,129.3435
Ponferrada,42.5461,-6.5910
Ponta Delgada,37.7412,-25.6756
Pordenone,45.9569,12.6605
Porto,41.1579,-8.6291
Porto Alegre,-30.0346,-51.2177
Portimão,37.1382,-8.5372
Portland,45.5152,-122.6784
Portsmouth,50.8037,-1.0825
Poznań,52.4064,16.9252
Prague,50.0755,14.4378
Preston,53.7632,-2.7031
Pretoria,-25.7479,28.2293
Puebla,19.0413,-98.2062
Quilmes,-34.7244,-58.2522
Quillota,-32.8800,-71.2483
Quito,-0.1807,-78.4678
Rafaela,-31.2503,-61.4867
Rancagua,-34.1708,-70.7406
Randers,56.4607,10.0355
Reading,51.4543,-0.9781
Recife,-8.0543,-34.8813
Regensburg,49.0134,12.1016
Reims,49.2583,4.0317
Rennes,48.1173,-1.6778
Reus,41.1561,1.1069
Reykjavík,64.1466,-21.9426
Ried im Innkreis,48.2104,13.4883
Rio de Janeiro,-22.9068,-43.1729
Rionegro,6.1552,-75.3738
Riyadh,24.7136,46.6753
Rize,41.0201,40.5234
Rochdale,53.6146,-2.1619
Rodez,44.3514,2.5728
Rome,41.9028,12.4964
Rosario,-32.9442,-60.6505
Rostock,54.0833,12.1088
Rostov-on-Don,47.2357,39.7015
Rotherham,53.4308,-1.3568
Rotterdam,51.9244,4.4777
Sabadell,41.5433,2.1094
Saihat,26.4862,50.0411
Saint-Étienne,45.4397,4.3872
Saint-Ouen,48.9118,2.3338
Saint Paul,44.9537,-93.0900
Saint Petersburg,59.9343,30.3351
Saitama,35.8617,139.6455
Sakakah,29.9697,40.2064
Salford,53.4808,-2.2925
Salerno,40.6780,14.7594
Salvador,-12.9714,-38.5014
Salzburg,47.8095,13.0550
Samara,53.2415,50.1878
San Jose,37.3382,-121.8863
San Juan,-31.5375,-68.5364
San Luis Potosí,22.1565,-100.9855
San Miguel de Tucumán,-26.8083,-65.2176
San Sebastián,43.3183,-1.9812
Sandefjord,59.1312,10.2167
Sandnes,58.8524,5.7352
Sangju,36.4158,128.1633
Sankt Pölten,48.2044,15.6229
Santander,43.4623,-3.8099
Santiago,-33.4489,-70.6693
Santiago del Estero,-27.7833,-64.2667
Santos,-23.9608,-46.3339
Sarandí,-34.6811,-58.3375
Saranks,54.1874,45.1835
Sarpsborg,59.2839,11.1094
Sassuolo,44.5411,10.7825
Scunthorpe,53.5878,-0.6559
Seattle,47.6062,-122.3321
Sendai,38.2682,140.8694
Seongnam,37.4201,127.1265
Seoul,37.5665,126.9780
Setúbal,38.5244,-8.8931
Seville,37.3891,-5.9845
Sfântu Gheorghe,45.8643,25.7885
Shanghai,31.2304,121.4737
Sheffield,53.3811,-1.4701
Shenzhen,22.5431,114.0579
Shizuoka,34.9756,138.3828
Shrewsbury,52.7073,-2.7553
Sibiu,45.7983,24.1256
Silkeborg,56.1697,9.5448
Sinsheim,49.2508,8.8833
Sint-Truiden,50.8164,5.1856
Sion,46.2301,7.3599
Sittard,50.9996,5.8670
Sivas,39.7505,37.0150
Skien,59.2081,9.6083
Slagelse,55.4027,11.3541
Sligo,54.2711,-8.4760
Soacha,4.5781,-74.2121
Sofia,42.6977,23.3219
Sogndal,61.2295,7.1001
Solna,59.3600,18.0000
Soria,41.7636,-2.4649
Southend-on-Sea,51.5422,0.7132
Southampton,50.9097,-1.4044
St. Gallen,47.4245,9.3767
Stavanger,58.9690,5.7331
Stevenage,51.9017,-0.2002
Stockholm,59.3293,18.0686
Stoke-on-Trent,53.0027,-2.1794
Strasbourg,48.5734,7.7521
Stuttgart,48.7758,9.1829
Suita,34.7591,135.5167
Sundsvall,62.3908,17.3069
Sunderland,54.9069,-1.3838
Suwon,37.2636,127.0286
Swansea,51.6214,-3.9436
Swindon,51.5558,-1.7797
Sydney,-33.8688,151.2093
Szeczin,53.4285,14.5528
São Paulo,-23.5505,-46.6333
Talcahuano,-36.7167,-73.1167
Tarragona,41.1189,1.2445
Temperley,-34.7833,-58.4000
Temuco,-38.7359,-72.5904
Terni,42.5630,12.6414
Thessaloniki,40.6401,22.9444
Thun,46.7580,7.6278
Tianjin,39.3434,117.3616
Tijuana,32.5149,-117.0382
Tilburg,51.5555,5.0913
Tokyo,35.6762,139.6503
Toluca,19.2826,-99.6557
Tondela,40.5147,-8.0805
Tomsk,56.4977,84.9744
Toronto,43.6532,-79.3832
Torreón,25.5439,-103.4068
Tosno,59.5444,30.8711
Tosu,33.3742,130.5097
Toulouse,43.6047,1.4442
Tours,47.3941,0.6848
Trabzon,41.0027,39.7168
Trelleborg,55.3751,13.1569
Trondheim,63.4305,10.3951
Tromsø,69.6492,18.9553
Troyes,48.2973,4.0744
Tula,54.1961,37.6182
Tuluá,4.0847,-76.1957
Tunja,5.5353,-73.3678
Turin,45.0703,7.6869
Târgovişte,44.9254,25.4569
Udine,46.0619,13.2422
Ufa,54.7388,55.9721
Ulsan,35.5389,129.3114
Unterhaching,48.0645,11.6144
Uppsala,59.8588,17.6389
Utrecht,52.0907,5.1214
Vaduz,47.1410,9.5209
Valencia,39.4699,-0.3763
Valenciennes,50.3580,3.5233
Valparaíso,-33.0472,-71.6127
Vancouver,49.2827,-123.1207
Varese,45.8180,8.8252
Valladolid,41.6523,-4.7245
Venice,45.4408,12.3155
Veracruz,19.1738,-96.1342
Vercelli,45.3242,8.4230
Verona,45.4384,10.9916
Vicenza,45.5455,11.5348
Victoria,-34.4516,-58.5442
Vienna,48.2082,16.3738
Vigo,42.2406,-8.7207
Vila Nova de Famalicão,41.4084,-8.5194
Vila das Aves,41.3582,-8.4116
Vila do Conde,41.3517,-8.7428
Villarreal,39.9372,-0.1009
Viña del Mar,-33.0245,-71.5518
Vitoria-Gasteiz,42.8467,-2.6716
Voluntari,44.4922,26.1311
Waalwijk,51.6874,5.0712
Walsall,52.5843,-1.9822
Waregem,50.8872,3.4286
Warsaw,52.2297,21.0122
Washington, D.C.,38.9072,-77.0369
Waterford,52.2593,-7.1101
Watford,51.6565,-0.3903
Wattens,47.2911,11.5978
Wellington,-41.2865,174.7762
West Bromwich,52.5204,-2.0110
Westerlo,51.0872,4.9148
Wexford,52.3364,-6.4633
Wiesbaden,50.0826,8.2400
Wiener Neustadt,47.8145,16.2443
Wigan,53.5451,-2.6325
Wolfsberg,46.8402,14.8451
Wolfsburg,52.4223,10.7865
Wolverhampton,52.5870,-2.1288
Wrocław,51.1079,17.0385
Wuhan,30.5928,114.3055
Würzburg,49.7913,9.9534
Yamoussoukro,6.8276,-5.2760
Yekaterinburg,56.8389,60.6057
Yeovil,50.9421,-2.6333
Yokohama,35.4437,139.6380
York,53.9591,-1.0815
Zabrze,50.3241,18.7857
Zagreb,45.8150,15.9819
Zhengzhou,34.7466,113.6253
Zwickau,50.7189,12.4913
Zürich,47.3769,8.5417
Ålesund,62.4722,6.1549
Åtvidaberg,58.1989,15.9989
Örebro,59.2753,15.2134
Öestersund,63.1767,14.6361